600291,爱迪科森
600292,
600293,
600294,
600295,路通网络
600296,满疆科技
600297,
600298,天翼爱音乐
600299,中博文化
600300,
600301,尚映文化
600302,华夏通信
600303,联众互动
600304,
600305,
600306,国家大剧院
600307,
600308,联合嘉信
600309,东阳多美
600310,漫龙科技
600311,
600312,海秀传媒
600313,
600314,垂棘文化
600315,大眼信息
600316,兴通视联
600317,
600318,乐趣影视
600319,通广教育
600321,
600322,
600323,壹线互动
600324,
600325,宜行文化
600326,捷佳视讯
600327,
600328,邵氏影视
600329,复兴文化
600119,华数传媒
800033,-
699041,
699068,
600114,华数传媒
699069,
600070,华谊创星
699066,长江云新媒体
699067,长江传媒
600062,新华视讯
699001,东方龙
699004,易橙天下科技
699007,国视通讯
699008,易橙天下科技
699009,中投视讯
699011,人民视讯
699012,新华视讯
699014,华数传媒
699015,盛世文化
699016,乐视网
699018,中报视讯
699021,易橙天下科技
699022,国视通讯
699023,央广视讯
699024,中投视讯
699026,优土原创
699027,人民视讯
699028,东方龙
699029,易橙天下科技
699031,易橙天下科技
699032,
699033,慈文信息技术
699034,中惟国际文化传媒
699035,华特迪士尼
699036,
699038,微梦创科
699039,央广视讯
699050,华录信息
699051,山东手机台
699053,
699054,南广文化
699055,华夏城视
699058,环球时报
699043,
699056,掌握文化
699057,第一视频
699060,声动信息
699061,光明文化
699062,中教文化
640001,东方龙
600063,土豆
600111,华谊创星
600113,华录信息
600115,新懿境文化
600116,璨广视讯
600117,
699063,新蓝网络
699064,明宸文化
699013,
600331,华谊创星
699099,四川新闻网
699100,中经数字
699101,浙江在线
600336,国广互联
600335,安徽广电
600342,杰外动漫
600350,
600352,映林影视
600356,
600369,秦谜文化
600092,G客凤娱
600371,
600362,意动影业
600361,
600380,
600385,同晟科技
600399,
600386,火星文化
600388,映邦文化
600387,岩华文化
600391,河南电视台
600358,
677010,
699196,龙视通信
699195,长云广电
699197,网高科技
600416,图乙科技
111111,
600422,小腾科技
600426,
600427,
600429,
600430,科大讯飞
600431,联众互动
600433,
600434,
600122,辰景文化
600061,易橙天下科技
699010,央广视讯
699017,快乐阳光互动娱乐传媒
699025,优酷网
699030,凤娱视讯军事
699037,爱奇艺
699052,北方视讯
699059,北方网
600112,翡翠东方
699065,歌华视讯
600242,佳华影业
600260,贝泰信息
600059,聚力传媒
600083,华友数码传媒科技
600205,海纳福瑞科技
600216,华云数字科技
600227,平治信息技术
600251,云端文化
600269,修格信息科技
600280,乐华音乐
600417,科大讯飞
600448,广州莱双
600453,咪咕动漫
600439,广州飞庆
600436,嘉攸
600447,中视华博
600437,上海掌游
600452,中国移动政企分公司
600463,腾讯视频
600460,掌易灵动
600078,中录
600213,天语星空
600223,大陆桥
600233,木星时代云图
600256,迅龙通讯
699192,广西视讯
600476,中容科技
680015,杭州斯凯
600470,星绚文化
600478,寰昀
632001,
641001,
642001,
645001,
646001,
647000,
649001,
650001,南广文化
656001,
999000,
699046,爱奇艺
699045,
699042,
699044,优酷网
600065,
600073,中移西藏
600120,央广视讯
600226,咪咕音乐
600118,
800010,
600121,人民视讯
800020,
699213,未来电视
699215,芒果
800011,
800019,
800016,
800013,
800015,
800008,
600050,
800026,
640003,易橙科技
699211,华数传媒
800009,
600088,央广视讯
699218,
800031,
800021,
800005,
600089,华谊创星
800030,
600069,腾讯
600055,华科广通
600086,易橙科技
800024,
800023,
699214,南方新媒体
800004,
800001,
800025,
600067,
699217,
600051,国家地理
800002,
800027,
800022,
600064,新浪
800007,
600087,盛世文化
699212,百视通电视
800003,
800029,
800014,
800018,
600066,爱奇艺
800012,
699216,环球合一
800017,
800006,
800028,
600334,八麟策划
600345,无限穿越新媒体
600343,多米科技
600355,中视聚力
600354,至信科技
600351,
600346,
600338,阿里体育
600337,腾讯
600320,东方华尚
699102,中广创思
600375,
600373,
600365,
600408,
600393,凡酷文化
600406,
600384,体育之窗
700000,
699198,捷佳掌讯
222222,
600435,上海灿星
600418,国广东方
600446,ESPTV电竞世界
600445,东方溢彩
600455,聚好看
600458,bjxes
600332,华策影视
600440,兰途科技
600474,
600464,时代华影
600472,多美新媒
600487,淘景立画
600492,芝兰玉树
600490,宝宝巴士
699104,小康文化
699105,法制视讯
699106,吉林视讯
600349,上海蓝桉
600341,华策娱乐
600359,
600339,
600366,
600363,
600360,长乐文化
600370,中移国际
699199,中广创思
699103,江西广电
600394,
600401,
600397,
600390,中财视讯
600403,
600383,
600407,溢彩影视
600357,传视影视
600413,荔枝文化
699194,重庆广电
600367,米玩网络
600424,
600414,好享购物
600421,麦基影业
600425,阿里体育
600428,多米科技
600432,央广视讯
600409,北京新媒体
600438,亦非云
600415,数码视讯
600411,中南卡通
600441,北京太和影视
600449,云舞科技
600444,辽宁睛彩
600451,香江影业
600457,南京炫佳
600461,上海九城
600459,康达威尔
600462,中恒财富
600456,优朋普乐
699191,安徽视讯
699193,云南视讯
600467,上海泛捷
600480,悦响影视
600486,中准互娱
600473,酷虫影视
600485,长沙左卡
600479,亲宝文化
600493,PP体育
699107,贵州视讯
699108,北青视频
699109,华媒视讯
600516,时代新媒体
600475,蓝狮子文创
600484,上海臻广
600510,恒信彩虹信息
600507,广州友趣
600515,掌上乐游
600469,易领方
600477,语文报社
600502,深圳方直科技
600520,好志愿
600530,杭州康德
600491,乐乐课堂
600509,慕联教育
600481,中广天择
600466,流金岁月
600238,天幕影视
699048,中投视讯
600239,朗思文化
600240,华音祺天
600241,星洲亚盛
600243,
600244,
600245,华夏城视
600246,博纳影视
600247,麒傲信息
600258,数梦传媒
600259,淘梦影视
600261,当代文化
600330,
600333,长江传媒
600236,完美世界
600237,中广天择
600052,
600053,
600054,点掌文化
600056,宁波骏逸
600057,快视动漫
600058,华视网聚
600060,华录
600074,滚石移动
600075,烙印
600076,华策
600077,深圳证券
600079,声动网云信息技术
600082,响巢看看
600084,盛世骄阳
600085,中朗
600201,芭乐文化
600202,
600203,蓝媒文化
600204,上海文广互动电视
600206,航天数字传媒
600207,拓维信息
600208,百事通
600209,青岛广电
600210,北京东方视角
600211,畅游时代
600212,千钧网络
600214,艾美迪
600215,天视卫星
600217,中新雅视
600218,中广电
600999,
600219,唐人影视
600220,宏文
600221,世纪优优
600222,多用信息技术
600224,精彩无限
600225,
600228,宽客网络技术
600229,大家飞乐
600230,新东方迅程
600231,克顿文化
600232,星汇文化
600234,海视旅游
600235,佳韵社
600248,中广优视
600249,好课优学
600250,兴路文化
600252,仁爱文化
600253,辽宁掌映
600254,前海新华
600255,北京广播
600257,木棉花动漫
600262,
600263,
600264,
600265,卓望信息技术
600266,
600267,
600268,美亚天天
600270,
600271,
600272,中传视友
600273,中广传播
600274,新片场传媒
600275,和兴影视文化
600276,
600277,
600278,
600279,
600281,聚视创盟
600283,厦门文广
600284,
600285,
600286,微梦创科
600287,
600288,香江文化
600289,
600290,中体视讯
